[
    {
        "name": "ELLERY X M'O CAPSULE",
        "description": "Known for her sculptural takes on traditional tailoring, Australian arbiter of cool Kym Ellery teams up with Moda Operandi.",
        "price": "52.00",
        "img": "./img/cards1.png"
    },
    {
        "name": "ELLERY X M'O CAPSULE",
        "description": "Known for her sculptural takes on traditional tailoring, Australian arbiter of cool Kym Ellery teams up with Moda Operandi.",
        "price": "52.00",
        "img": "./img/cards2.png"
    },
    {
        "name": "ELLERY X M'O CAPSULE",
        "description": "Known for her sculptural takes on traditional tailoring, Australian arbiter of cool Kym Ellery teams up with Moda Operandi.",
        "price": "52.00",
        "img": "./img/cards3.png"
    },
    {
        "name": "ELLERY X M'O CAPSULE",
        "description": "Known for her sculptural takes on traditional tailoring, Australian arbiter of cool Kym Ellery teams up with Moda Operandi.",
        "price": "52.00",
        "img": "./img/cards4.png"
    },
    {
        "name": "ELLERY X M'O CAPSULE",
        "description": "Known for her sculptural takes on traditional tailoring, Australian arbiter of cool Kym Ellery teams up with Moda Operandi.",
        "price": "52.00",
        "img": "./img/cards5.png"
    },
    {
        "name": "ELLERY X M'O CAPSULE",
        "description": "Known for her sculptural takes on traditional tailoring, Australian arbiter of cool Kym Ellery teams up with Moda Operandi.",
        "price": "52.00",
        "img": "./img/cards6.png"
    }
]